<?xml version="1.0" encoding="UTF-8"?>
<addon id="plugin.video.sport365.live" name="Sport365" version="2.2" provider-name="Bugatsinho">
    <requires>
        <import addon="xbmc.python" version="2.1.0"/>
        <import addon="service.cronxbmc" optional="true"/>
        <import addon="script.module.requests" version="2.19.1"/>
    </requires>
    <extension point="xbmc.python.pluginsource" library="main.py">
        <provides>video</provides>
    </extension>
  <extension point="xbmc.addon.metadata">
    <summary lang="en">Sport365</summary>
    <description lang="en">Kindly note that Sport365 Live is not an official part of the media player you are running, and therefore not to be mentioned within official support channels, this addon has nothing to do with the media player itself, nor it’s intended use, it is simply a third party plugin which has been added to your system.</description>
    <disclaimer lang="en">Sport365 Live does not provide any streams of its own. Stream quality, content and copyright are responsibility of the ad-financed source web site.</disclaimer>
    <language>en</language>
    <platform>all</platform>
    <license>GNU GENERAL PUBLIC LICENSE. Version 2, June 1991</license>
    <website>https://bugatsinho.github.io</website>
    <twitter>@bugatsinho</twitter>
  <assets>
    <icon>icon.png</icon>
    <fanart>fanart.png</fanart>
  </assets>
  <news>
      -Fork version 1.0 by GalAnonim and fixed it!
      -Add also language of the stream and quality
      -Change Base Url to fix times issues due to timezones
  </news>
  </extension>
</addon>