<?xml version="1.0" encoding="UTF-8" standalone="yes"?>
<addon id="plugin.video.freevl" name="Free Video Lectures" version="0.0.1" provider-name="Bugatsinho">
  <requires>
    <import addon="xbmc.python" version="2.25.0"/>
    <import addon="script.module.kodi-six" version="0.0.2"/>
    <import addon="script.module.youtube.dl" version="18.619.0" optional="true"/>
    <import addon="plugin.video.youtube" version="6.4.1"/>
  </requires>
  <extension point="xbmc.python.pluginsource" library="default.py">
    <provides>video</provides>
  </extension>
  <extension point="xbmc.addon.metadata">
    <summary lang="en">Free Video Lectures</summary>
    <description lang="en">Free Video Lectures</description>
	<disclaimer lang="en">Free Video Lectures by https://freevideolectures.com</disclaimer>
	<language>en es</language>
    <license>GNU GPL, version 2</license>
    <yt_channel>https://www.youtube.com/channel/UCZ0RGft8sZBd7iNuAKXov4w</yt_channel>
    <facebook>https://www.facebook.com/freevideolectures.courses</facebook>
    <twitter>https://twitter.com/video_lectures</twitter>
    <website>https://freevideolectures.com</website>
    <news>version 0.0.1</news>
  </extension>
</addon>
