<?xml version="1.0" encoding="UTF-8" standalone="yes"?>
<addon id="plugin.video.cartoonsgr" name="CartoonsGR" version="1.0.24" provider-name="Bugatsinho">
  <requires>
    <import addon="xbmc.addon" version="17.0.000"/>
    <import addon="script.module.six" />
    <import addon="script.module.resolveurl" version="5.0.00"/>
    <import addon="script.module.pyxbmct" version="1.2.0"/>
    <import addon="script.module.requests" version="2.19.1"/>
  </requires>
  <extension point="xbmc.python.pluginsource" library="default.py">
		<provides>video</provides>
  </extension>
  <!--extension point="xbmc.service" library="service.py" start="startup" /-->
  <extension point="xbmc.addon.metadata">
    <platform>all</platform>
    <summary lang="el">ΠΑΙΔΙΚΑ</summary>
    <description lang="el">ΤΑΙΝΙΕΣ κ ΣΕΙΡΕΣ για τα παιδιά ΜΕΤΑΓΛΩΤΙΣΜΕΝΑ ή με ΥΠΟΤΙΤΛΟΥΣ</description>
    <disclaimer lang="el">Ο δημιουργός δεν φιλοξενεί ή διανέμει οποιαδήποτε από το περιεχόμενο που εμφανίζεται από αυτό το πρόσθετο και δεν έχει οποιαδήποτε σχέση με την ιστοσελίδα και τους ιδιοκτήτες αυτής.
    </disclaimer>
    <summary lang="en">Cartoons</summary>
    <description lang="en">Movies and Series dubbed or with Greek subtitles for the kids.</description>
    <disclaimer lang="en">The CartoonsGR's author  does not host, stream or distribute any of the content displayed inside this plugin and does not
    have any relation with the website or the website's author.
    </disclaimer>
    <language>en el</language>
    <license>GNU GPL, version 2</license>
    <website>https://bugatsinho.github.io/</website>
    <twitter>https://twitter.com/bugatsinho</twitter>
    <repo>https://bugatsinho.github.io/repo/</repo>
    <email>bugatsinho@protonmail.com</email>
    <news>[B]v1.0.24[/B] 01/11/2021
  - Kodi 19.x compatibility</news>
    <assets>
        <icon>icon.png</icon>
        <fanart>fanart.jpg</fanart>
    </assets>
  </extension>
</addon>
